200.137.238.5
www.adm.catalao.ufg.br,85,http://www.adm.catalao.ufg.br
www.adm.catalao.ufg.br/admpublica,129,http://www.admpublica_adm.catalao.ufg.br
www.ascom.catalao.ufg.br,104,http://www.ascom.catalao.ufg.br
www.cbio.catalao.ufg.br,84,http://www.cbio.catalao.ufg.br
www.cdpec.catalao.ufg.br,4,http://www.cdpec.catalao.ufg.br
www.cead.catalao.ufg.br,133,http://www.cead.catalao.ufg.br
www.cec.catalao.ufg.br,91,http://www.cec.catalao.ufg.br
www.cec.catalao.ufg.br/conpeec2011,111,http://www.conpeec2011_cec.catalao.ufg.br
www.cec.catalao.ufg.br/ludoteca,120,http://www.ludoteca_cec.catalao.ufg.br
www.cec.catalao.ufg.br/nepie,100,http://www.nepie_cec.catalao.ufg.br
www.celgemin.catalao.ufg.br,132,http://www.celgemin.catalao.ufg.br
www.cercomp.catalao.ufg.br,2,http://www.cercomp.catalao.ufg.br
www.cgg-cga.catalao.ufg.br,99,http://www.cgg-cga.catalao.ufg.br
www.cidarq.catalao.ufg.br,1,http://www.cidarq.catalao.ufg.br
www.concurso.catalao.ufg.br,136,http://www.concurso.catalao.ufg.br
www.cpl.catalao.ufg.br,135,http://www.cpl.catalao.ufg.br
www.cppg.catalao.ufg.br,40,http://www.cppg.catalao.ufg.br
www.cs.catalao.ufg.br,114,http://www.cs.catalao.ufg.br
www.cs.catalao.ufg.br/4simposio,110,http://www.4simposio_cs.catalao.ufg.br
www.dacc.catalao.ufg.br,131,http://www.dacc.catalao.ufg.br
www.dcc.catalao.ufg.br,3,http://www.dcc.catalao.ufg.br
www.dcc.catalao.ufg.br/docentes/marcos,98,http://www.marcos_dcc.catalao.ufg.br
www.dcc.catalao.ufg.br/maratona,93,http://www.maratona_dcc.catalao.ufg.br
www.dcc.catalao.ufg.br/marciodias,10,http://www.marciodias_dcc.catalao.ufg.br
www.dcc.catalao.ufg.br/wm,92,http://www.wm_dcc.catalao.ufg.br
www.denf.catalao.ufg.br,42,http://www.denf.catalao.ufg.br
www.depecac.catalao.ufg.br,106,http://www.depecac.catalao.ufg.br
www.dialogus.catalao.ufg.br,7,http://www.dialogus.catalao.ufg.br
www.dialogus.catalao.ufg.br/leger,8,http://www.leger_dialogus.catalao.ufg.br
www.dialogus.catalao.ufg.br/gde,9,http://www.gde_dialogus.catalao.ufg.br
www.sinagi.catalao.ufg.br,144,http://www.sinagi.catalao.ufg.br
www.educacao.catalao.ufg.br,43,http://www.educacao.catalao.ufg.br
www.educacao.catalao.ufg.br/docentes/abarros,48,http://www.abarros_educacao.catalao.ufg.br
www.educacao.catalao.ufg.br/docentes/agoncalves,47,http://www.agoncalves_educacao.catalao.ufg.br
www.educacao.catalao.ufg.br/docentes/asadoyama,45,http://www.asadoyama_educacao.catalao.ufg.br
www.educacao.catalao.ufg.br/docentes/asilva,46,http://www.asilva_educacao.catalao.ufg.br
www.educacao.catalao.ufg.br/docentes/ccampos,49,http://www.ccampos_educacao.catalao.ufg.br
www.educacao.catalao.ufg.br/docentes/cferreira,50,http://www.cferreira_educacao.catalao.ufg.br
www.educacao.catalao.ufg.br/docentes/dtartuci,51,http://www.dtartuci_educacao.catalao.ufg.br
www.educacao.catalao.ufg.br/docentes/ebarbosa,52,http://www.ebarbosa_educacao.catalao.ufg.br
www.educacao.catalao.ufg.br/docentes/elopes,53,http://www.elopes_educacao.catalao.ufg.br
www.educacao.catalao.ufg.br/docentes/falmeida,56,http://www.falmeida_educacao.catalao.ufg.br
www.educacao.catalao.ufg.br/docentes/frodrigues,55,http://www.frodrigues_educacao.catalao.ufg.br
www.educacao.catalao.ufg.br/docentes/fsantana,54,http://www.fsantana_educacao.catalao.ufg.br
www.educacao.catalao.ufg.br/docentes/jmoura,57,http://www.jmoura_educacao.catalao.ufg.br
www.educacao.catalao.ufg.br/docentes/kdomingues,58,http://www.kdomingues_educacao.catalao.ufg.br
www.educacao.catalao.ufg.br/docentes/ksilva,59,http://www.ksilva_educacao.catalao.ufg.br
www.educacao.catalao.ufg.br/docentes/mflores,63,http://www.mflores_educacao.catalao.ufg.br
www.educacao.catalao.ufg.br/docentes/mrossi,60,http://www.mrossi_educacao.catalao.ufg.br
www.educacao.catalao.ufg.br/docentes/msantos,62,http://www.msantos_educacao.catalao.ufg.br
www.educacao.catalao.ufg.br/docentes/msilva,61,http://www.msilva_educacao.catalao.ufg.br
www.educacao.catalao.ufg.br/docentes/speres,64,http://www.speres_educacao.catalao.ufg.br
www.educacao.catalao.ufg.br/docentes/ssilva,65,http://www.ssilva_educacao.catalao.ufg.br
www.educacao.catalao.ufg.br/docentes/ujordao,66,http://www.ujordao_educacao.catalao.ufg.br
www.educacao.catalao.ufg.br/docentes/wolney,44,http://www.wolney_educacao.catalao.ufg.br
www.educacao.catalao.ufg.br/gruposdepesquisa/cieed,97,http://www.cieed_educacao.catalao.ufg.br
www.educacao.catalao.ufg.br/gruposdepesquisa/edule,103,http://www.edule_educacao.catalao.ufg.br
www.educacao.catalao.ufg.br/gruposdepesquisa/geiad,101,http://www.geiad_educacao.catalao.ufg.br
www.educacao.catalao.ufg.br/gruposdepesquisa/nepeduca,86,http://www.nepeduca_educacao.catalao.ufg.br
www.educacao.catalao.ufg.br/gruposdepesquisa/nepie,100,http://www.nepie_educacao.catalao.ufg.br
www.educacao.catalao.ufg.br/gruposdepesquisa/neppein,102,http://www.neppein_educacao.catalao.ufg.br
www.educacao.catalao.ufg.br/pos/especializacao,68,http://www.especializacao_educacao.catalao.ufg.br
www.educacao.catalao.ufg.br/pos/mestrado,67,http://www.mestrado_educacao.catalao.ufg.br
www.educacaofisica.catalao.ufg.br,22,http://www.educacaofisica.catalao.ufg.br
www.educacaofisica.catalao.ufg.br/labpel,113,http://www.labpel_educacaofisica.catalao.ufg.br
www.engminas.catalao.ufg.br/celgemin,121,http://www.celgemin_engminas.catalao.ufg.br
www.engminas.catalao.ufg.br/cetm,116,http://www.cetm_engminas.catalao.ufg.br
www.engprod.catalao.ufg.br/especializacao,122,http://www.especializacao_engprod.catalao.ufg.br
www.estagio.catalao.ufg.br,139,http://www.estagio.catalao.ufg.br
www.feiraciencias.catalao.ufg.br,111,http://www.feiraciencias.catalao.ufg.br
www.fisica.catalao.ufg.br,41,http://www.fisica.catalao.ufg.br
www.fisica.catalao.ufg.br/docentes/acarneiro,70,http://www.acarneiro_fisica.catalao.ufg.br
www.fisica.catalao.ufg.br/docentes/apereira,71,http://www.apereira_fisica.catalao.ufg.br
www.fisica.catalao.ufg.br/docentes/csantos,72,http://www.csantos_fisica.catalao.ufg.br
www.fisica.catalao.ufg.br/docentes/djesus,73,http://www.djesus_fisica.catalao.ufg.br
www.fisica.catalao.ufg.br/docentes/ebatista,74,http://www.ebatista_fisica.catalao.ufg.br
www.fisica.catalao.ufg.br/docentes/esouza,80,http://www.esouza_fisica.catalao.ufg.br
www.fisica.catalao.ufg.br/docentes/jcunha,75,http://www.jcunha_fisica.catalao.ufg.br
www.fisica.catalao.ufg.br/docentes/jortiz,76,http://www.jortiz_fisica.catalao.ufg.br
www.fisica.catalao.ufg.br/docentes/mandreata,78,http://www.mandreata_fisica.catalao.ufg.br
www.fisica.catalao.ufg.br/docentes/msilva,77,http://www.msilva_fisica.catalao.ufg.br
www.fisica.catalao.ufg.br/docentes/nmoreira,94,http://www.nmoreira_fisica.catalao.ufg.br
www.fisica.catalao.ufg.br/docentes/panjos,79,http://www.panjos_fisica.catalao.ufg.br
www.fisica.catalao.ufg.br/docentes/pcastro,69,http://www.pcastro_fisica.catalao.ufg.br
www.fisica.catalao.ufg.br/pibid,105,http://www.pibid_fisica.catalao.ufg.br
www.fisica.catalao.ufg.br/secretaria,88,http://www.secretaria_fisica.catalao.ufg.br
www.fisica.catalao.ufg.br/tecnicos/arezende,81,http://www.arezende_fisica.catalao.ufg.br
www.fisica.catalao.ufg.br/tecnicos/fsantos,82,http://www.fsantos_fisica.catalao.ufg.br
www.fisica.catalao.ufg.br/tecnicos/gneto,83,http://www.gneto_fisica.catalao.ufg.br
www.geografia.catalao.ufg.br,18,http://www.geografia.catalao.ufg.br
www.geografia.catalao.ufg.br/getem,39,http://www.getem_geografia.catalao.ufg.br
www.geografia.catalao.ufg.br/posgraduacao,19,http://www.posgraduacao_geografia.catalao.ufg.br
www.geografia.catalao.ufg.br/sea,20,http://www.sea_geografia.catalao.ufg.br
www.geografia.catalao.ufg.br/simgeo,16,http://www.simgeo_geografia.catalao.ufg.br
www.historia.catalao.ufg.br,107,http://www.historia.catalao.ufg.br
www.engprod.catalao.ufg.br,17,http://www.engprod.catalao.ufg.br
www.home.catalao.ufg.br,37,http://www.home.catalao.ufg.br
www.letras.catalao.ufg.br,13,http://www.letras.catalao.ufg.br
www.letras.catalao.ufg.br/3sinalel,109,http://www.3sinalel_letras.catalao.ufg.br
www.letras.catalao.ufg.br/cadis,115,http://www.cadis_letras.catalao.ufg.br
www.letras.catalao.ufg.br/centrolinguas,5,http://www.centrolinguas_letras.catalao.ufg.br
www.letras.catalao.ufg.br/especializacao,14,http://www.especializacao_letras.catalao.ufg.br
www.letras.catalao.ufg.br/gedis,112,http://www.gedis_letras.catalao.ufg.br
www.letras.catalao.ufg.br/mestrado,89,http://www.mestrado_letras.catalao.ufg.br
www.letras.catalao.ufg.br/selle,23,http://www.selle_letras.catalao.ufg.br
www.letras.catalao.ufg.br/selle2,108,http://www.selle2_letras.catalao.ufg.br
www.letras.catalao.ufg.br/sinalel,38,http://www.sinalel_letras.catalao.ufg.br
www.mat.catalao.ufg.br,11,http://www.mat.catalao.ufg.br
www.mat.catalao.ufg.br/danilo,141,http://www.danilo_mat.catalao.ufg.br
www.mat.catalao.ufg.br/galdino,12,http://www.galdino_mat.catalao.ufg.br
www.mat.catalao.ufg.br/jairo,140,http://www.jairo_mat.catalao.ufg.br
www.mat.catalao.ufg.br/taq,127,http://www.taq_mat.catalao.ufg.br
www.mnpef.catalao.ufg.br,134,http://www.mnpef.catalao.ufg.br
www.pedagogia.catalao.ufg.br,6,http://www.pedagogia.catalao.ufg.br
www.ppggo.catalao.ufg.br,118,http://www.ppggo.catalao.ufg.br
www.psicologia.catalao.ufg.br,95,http://www.psicologia.catalao.ufg.br
www.quimica.catalao.ufg.br,21,http://www.quimica.catalao.ufg.br
www.quimica.catalao.ufg.br/mestrado,90,http://www.mestrado_quimica.catalao.ufg.br
www.semanaquimica.catalao.ufg.br,142,http://www.semanaquimica.catalao.ufg.br
www.seplanges.catalao.ufg.br,15,http://www.seplanges.catalao.ufg.br
www.sinagi.catalao.ufg.br,144,http://www.sinagi.catalao.ufg.br
www.xadrez.catalao.ufg.br,128,http://www.xadrez.catalao.ufg.br
www.mat.catalao.ufg.br/ssa/,148,http://www.ssa_mat.catalao.ufg.br
